{
  "train_end": 2015,
  "val_range": [
    2016,
    2019
  ],
  "test_range": [
    2020,
    2023
  ],
  "seed": 42,
  "gb_params": {
    "alpha": 0.9,
    "ccp_alpha": 0.0,
    "criterion": "friedman_mse",
    "init": null,
    "learning_rate": 0.02,
    "loss": "squared_error",
    "max_depth": 3,
    "max_features": null,
    "max_leaf_nodes": null,
    "min_impurity_decrease": 0.0,
    "min_samples_leaf": 1,
    "min_samples_split": 2,
    "min_weight_fraction_leaf": 0.0,
    "n_estimators": 600,
    "n_iter_no_change": null,
    "random_state": 42,
    "subsample": 0.8,
    "tol": 0.0001,
    "validation_fraction": 0.1,
    "verbose": 0,
    "warm_start": false
  },
  "run_id": "run_20250811_222820",
  "model_path": "model_gb_pipeline.joblib",
  "n_train": 4479,
  "n_val": 716,
  "n_test": 713
}